Employee_ID,Department,Job_Role,Experience_Years,Programming_Language,Projects_Completed,Training_Hours,Performance_Score,Salary,Job_Satisfaction
E001,Software Development,Python Developer,2,Python,5,30,78,45000,7
E002,Software Development,Java Developer,4,Java,9,45,86,62000,8
E003,Data Analytics,Data Analyst,3,Python,7,50,88,58000,9
E004,Web Development,Frontend Developer,2,JavaScript,6,35,81,48000,7
E005,Data Science,Data Scientist,5,Python,12,60,94,85000,9
E006,Cyber Security,Security Analyst,4,Python,8,55,89,72000,8
E007,Software Development,Backend Developer,6,Java,15,40,92,90000,9
E008,Web Development,Full Stack Developer,5,JavaScript,13,50,91,82000,8
E009,Data Analytics,BI Analyst,2,SQL,5,30,76,47000,7
E010,Cloud Computing,Cloud Engineer,4,Python,10,65,90,78000,9
E011,Software Development,Python Developer,3,Python,8,42,85,60000,8
E012,Data Science,ML Engineer,6,Python,16,70,96,98000,10
E013,Cyber Security,Ethical Hacker,3,Python,7,60,87,68000,8
E014,Web Development,Frontend Developer,1,JavaScript,3,25,72,40000,6
E015,Data Analytics,Data Analyst,5,SQL,11,48,91,70000,9
E016,Cloud Computing,DevOps Engineer,7,Python,18,75,95,105000,10
E017,Software Development,Backend Developer,4,Java,10,45,88,68000,8
E018,Data Science,Data Scientist,8,Python,20,80,97,120000,10
E019,Web Development,Full Stack Developer,3,JavaScript,8,40,83,56000,7
E020,Cyber Security,Security Engineer,6,Python,14,70,93,92000,9
E021,Data Analytics,BI Analyst,4,SQL,9,45,84,62000,8
E022,Cloud Computing,Cloud Engineer,2,Python,5,50,79,55000,7
E023,Software Development,Java Developer,7,Java,17,55,94,98000,9
E024,Data Science,ML Engineer,4,Python,10,65,90,82000,9
E025,Web Development,Frontend Developer,3,JavaScript,7,35,80,50000,7
E026,Cyber Security,Ethical Hacker,5,Python,11,65,91,80000,9
E027,Data Analytics,Data Analyst,6,SQL,14,55,93,85000,10
E028,Cloud Computing,DevOps Engineer,5,Python,13,70,92,90000,9
E029,Software Development,Python Developer,1,Python,3,25,70,38000,6
E030,Data Science,Data Scientist,7,Python,18,75,96,110000,10